<?xml version="1.0" encoding="UTF-8"?>
<!DOCTYPE hibernate-mapping PUBLIC 
        "-//Hibernate/Hibernate Mapping DTD 3.0//EN" 
        "http://hibernate.sourceforge.net/hibernate-mapping-3.0.dtd"> 
<hibernate-mapping> 
  
    <class name="com.model.Employee" table="employee"> 
        <id name="id" type="int" column="ID"> 
            <generator class="assigned"/> 
        </id> 
        <property name="name"> 
            <column name="NAME"/> 
        </property> 
        <property name="age" type = "int"> 
            <column name="AGE"/> 
        </property> 
        <property name="salary"> 
            <column name="SALARY"/> 
        </property> 
        <property name="course"> 
            <column name="COURSE"/> 
        </property> 
    </class> 
</hibernate-mapping>